Workbook

Sheet Executive Summary
A1: F.E.A.R. - Final QA Report
A3: Project | B3: F.E.A.R. - First Encounter Assault Recon | D3: Metric | E3: Result
A4: Tester | B4: Sioaan | D4: Total test cases | E4: =COUNTA('Execution Data'!A2:A93) -> 92
A5: Test period | B5: 2026-09-16 to 2026-09-19 | D5: Passed | E5: =COUNTIF('Execution Data'!D2:D93,"Pass") -> 88
A6: Game version | B6: 1.08 | D6: Failed | E6: =COUNTIF('Execution Data'!D2:D93,"Failed") -> 4
A7: Distribution | B7: GOG | D7: Blocked | E7: =COUNTIF('Execution Data'!D2:D93,"Blocked") -> 0
A8: OS | B8: Windows 11 | D8: N/A | E8: =COUNTIF('Execution Data'!D2:D93,"N/A") -> 0
A9: Test scope | B9: Smoke, Gameplay, AI, Weapons, Physics, UI, Audio, Graphics, Save/Load, Input, Performance, Compatibility | D9: Unique confirmed defects | E9: =COUNTA(Defects!A2:A4) -> 3
A10: Mods / patches | B10: None
A13: Executive summary
A14: The documented execution contains 92 test cases. Four are marked Failed: the Controls menu / keyboard settings issue is recorded in two test cases but represents one underlying defect; the high-FPS scenario is affected by an unexpected 30 FPS lock; and the controller test records that the game does not support controller input. Two unique confirmed defects are maintained in the Bug Report. Regression is planned but not executed because no fixed build was provided. Performance observations are based on recorded FPS values only; detailed 1% low, 0.1% low, CPU/GPU and VRAM measurements were not collected.
A20: Final assessment
A21: The test cycle is documented as completed for the executed scope. The remaining open risk areas are the two major/high defects and the unsupported controller input. Regression remains pending until an updated build is available, and the evidence register identifies where screenshots/videos should be attached to the portfolio.

Sheet Execution Data
A1: TC ID | B1: Area | C1: Title | D1: Status | E1: Severity | F1: Priority | G1: Repro | H1: Evidence | I1: Notes
A2: TC-SMK-01 | B2: Smoke | C2: Game launch | D2: Pass | E2: - | F2: - | G2: - | H2: - | I2: -
A3: TC-SMK-02 | B3: Smoke | C3: Main menu navigation | D3: Pass | E3: - | F3: - | G3: - | H3: - | I3: -
A4: TC-SMK-03 | B4: Smoke | C4: Start New Game | D4: Pass | E4: - | F4: - | G4: - | H4: - | I4: -
A5: TC-SMK-04 | B5: Smoke | C5: Player movement | D5: Pass | E5: - | F5: - | G5: - | H5: - | I5: -
A6: TC-SMK-05 | B6: Smoke | C6: Camera and mouse look | D6: Pass | E6: - | F6: - | G6: - | H6: - | I6: -
A7: TC-SMK-06 | B7: Smoke | C7: Weapon firing | D7: Pass | E7: - | F7: - | G7: - | H7: - | I7: -
A8: TC-SMK-07 | B8: Smoke | C8: Weapon reload | D8: Pass | E8: - | F8: - | G8: - | H8: - | I8: -
A9: TC-SMK-08 | B9: Smoke | C9: Interaction with environment | D9: Pass | E9: - | F9: - | G9: - | H9: - | I9: -
A10: TC-SMK-09 | B10: Smoke | C10: Manual save | D10: Pass | E10: - | F10: - | G10: - | H10: - | I10: -
A11: TC-SMK-10 | B11: Smoke | C11: Load saved game | D11: Pass | E11: - | F11: - | G11: - | H11: - | I11: -
A12: TC-SMK-11 | B12: Smoke | C12: Normal game exit | D12: Pass | E12: - | F12: - | G12: - | H12: - | I12: -
... A93: TC-COMPAT-092 | B93: COMPAT | C93: Controller available | D93: Failed | E93: Major | F93: low | G93: - | H93: - | I93: -

Sheet Defects
A1: Confirmed Defects
A2: Bug ID | B2: Related TC | C2: Category | D2: Title | E2: Severity | F2: Priority | G2: Reproducibility | H2: Status | I2: Summary | J2: Expected | K2: Actual | L2: Notes
A3: BUG-UI-001 | B3: TC-UI-050 | C3: UI | D3: Custom control settings reset after opening Options | E3: Major | F3: High | G3: 5/5 | H3: Open | I3: Confirmed during recorded execution. | J3: Custom control settings should remain unchanged after opening the Options menu. | K3: The key binding was changed successfully, but the custom control settings were reset after opening the Options menu. | L3: Underlying issue is also observed by TC-INPUT-075.
A4: BUG-PERF-001 | B4: TC-PERF-086 | C4: PERFORMANCE | D4: Game unexpectedly locks FPS to 30 | E4: Major | F4: High | G4: 5/5 | H4: Open | I4: Confirmed during recorded execution. | J4: The game should maintain the configured frame rate above 30 FPS when no 30 FPS limit is enabled. | K4: The game was unexpectedly limited to 30 FPS despite the FPS limit being disabled. | L4: Observed in the high-FPS performance scenario.
A5: Compatibility limitation: TC-COMPAT-092 reports that controller input is not supported. It is not counted as a confirmed defect in this Final Report because controller support is not part of the documented keyboard/mouse test environment or the stated project requirements.

Sheet Performance
A1: Performance Summary
A2: Test Case | B2: Scenario | C2: Status | D2: Observed Result | E2: FPS Measurement | F2: Related Bug | G2: Evidence | H2: Notes
A3: TC-PERF-081 | B3: Idle scene | C3: Passed | D3: The game ran smoothly while the player remained idle, with stable FPS and no noticeable stuttering or freezes. | E3: 60 FPS | F3: - | G3: - | H3: -
A4: TC-PERF-082 | B4: Combat scene | C4: Passed | D4: The game remained responsive during combat, and FPS stayed stable without noticeable stuttering or significant frame drops. | E4: 60 FPS | F4: - | G4: - | H4: -
A5: TC-PERF-083 | B5: Explosion scene | C5: Passed | D5: The explosion effects played correctly, and the game remained responsive without noticeable freezes or severe FPS drops. | E5: 60 FPS | F5: - | G5: - | H5: -
A6: TC-PERF-084 | B6: Heavy effects | C6: Passed | D6: The game remained responsive while multiple effects were active, with no noticeable stuttering or severe performance drops. | E6: 60 FPS | F6: - | G6: - | H6: -
A7: TC-PERF-085 | B7: 60 FPS cap | C7: Passed | D7: The game maintained a frame rate of up to 60 FPS as expected. | E7: Up to 60 FPS | F7: - | G7: -
A8: TC-PERF-086 | B8: High FPS test | C8: Failed | D8: The game was unexpectedly limited to 30 FPS despite the FPS limit being disabled or set above 30 FPS. | E8: 30 FPS | F8: BUG-PERF-001 | G8: EV-PERF-086 | H8: Reproduced during normal gameplay; this is the documented performance defect.
A9: Performance finding
A10: The recorded performance scenarios were stable at the observed 60 FPS level for idle, combat, explosion, heavy-effects and 60 FPS-cap checks. The high-FPS test failed because the game became locked to 30 FPS after the FPS limit was disabled/set above 30. No detailed frame-time, 1% low, 0.1% low, CPU, GPU, RAM or VRAM telemetry was captured in the source report, so those metrics are not presented as measured values.

Sheet Compatibility
A1: Compatibility Summary
A2: Test Case | B2: Area | C2: Status | D2: Actual Result | E2: Related Issue | F2: Evidence | G2: Notes | H2: Requirement Interpretation
A3: TC-COMPAT-087 | B3: Launch on OS | C3: Passed | D3: F.E.A.R. launched successfully on the target Windows OS, the main menu appeared correctly, and gameplay started without compatibility issues. | E3: - | F3: - | G3: No compatibility issue observed. | H3: Meets the documented launch expectation.
A4: TC-COMPAT-088 | B4: Resolution | C4: Passed | D4: The selected resolution was applied successfully, and the game displayed correctly without visual issues or crashes. | E4: - | F4: - | G4: Resolution support was validated on the tested display setup. | H4: Meets the documented resolution expectation.
A5: TC-COMPAT-089 | B5: Audio device | C5: Passed | D5: Game audio played correctly through the selected audio device, including weapon sounds, movement sounds, and dialogue. | E5: - | F5: - | G5: Output routing worked as expected. | H5: Meets the documented audio-device expectation.
A6: TC-COMPAT-090 | B6: Alt+Tab | C6: Passed | D6: F.E.A.R. returned to gameplay correctly after Alt+Tab, and the display and player input continued to work normally. | E6: - | F6: - | G6: No recovery issue observed. | H6: Meets the documented Alt+Tab expectation.
A7: TC-COMPAT-091 | B7: Fullscreen | C7: Passed | D7: The game displayed correctly in fullscreen mode, and switching between gameplay and menus caused no display issues. | E7: - | F7: - | G7: No fullscreen display issue observed. | H7: Meets the documented fullscreen expectation.
A8: TC-COMPAT-092 | B8: Controller | C8: N/A | D8: The controller was not supported by F.E.A.R., and the game did not recognize the controller inputs during gameplay. | E8: - | F8: - | G8: Recorded as N/A unless controller support is explicitly required for the project. | H8: No defect is claimed solely from the lack of controller support.
A9: Reconciliation note
A10: The source Test Cases file marks TC-COMPAT-092 as Failed because the controller is not supported. The separate Compatibility Report records it as N/A / Not Supported. This Final Report preserves the execution fact but treats the controller result as a documented compatibility limitation rather than a confirmed defect because controller support is not stated as a project requirement.

Sheet Regression
A1: Regression Summary
A2: Regression ID | B2: Related Bug | C2: Retest Area | D2: Status | E2: Steps / Check | F2: Expected Result | G2: Notes
A3: REG-01 | B3: BUG-UI-001 | C3: Default controls stability | D3: Awaiting fix | E3: Open Options and Controls without changing bindings; compare the default configuration before and after. | F3: Existing control settings remain unchanged. | G3: Awaiting a build containing the defect fix.
A4: REG-02 | B4: BUG-PERF-001 | C4: FPS above 30 | D4: Awaiting fix | E4: Disable the FPS limit or set it above 30 FPS and start gameplay. | F4: The game is not unexpectedly locked at 30 FPS. | G4: Awaiting a build containing the defect fix.
A5: Regression status: no post-fix build was provided, so the planned regression checks will stay in status "awaiting fix"

Sheet Checklist Summary
A1: Checklist Summary
A2: Checklist | B2: Total Items | C2: Passed | D2: Failed | E2: Result
A3: SaveLoad | B3: 12 | C3: 12 | D3: 0 | E3: Passed
A4: Gameplay | B4: 12 | C4: 12 | D4: 0 | E4: Passed
A5: Audio | B5: 9 | C5: 9 | D5: 0 | E5: Passed
A6: AI | B6: 9 | C6: 9 | D6: 0 | E6: Passed
A7: Compatibility | B7: 14 | C7: 13 | D7: 1 | E7: Failed
A8: Graphics | B8: 13 | C8: 13 | D8: 0 | E8: Passed
A9: TOTAL | B9: 69 | C9: 68 | D9: 1 | E9: Failed due to Compatibility high-FPS

Sheet Area Coverage
A1: Area | B1: Total | C1: Passed | D1: Failed | E1: Pass Rate
A2: AI | B2: =COUNTIF('Execution Data'!$B$2:$B$93,A2) -> 8 | C2: =COUNTIFS('Execution Data'!$B$2:$B$93,A2,'Execution Data'!$D$2:$D$93,"Pass") -> 8 | D2: =COUNTIFS('Execution Data'!$B$2:$B$93,A2,'Execution Data'!$D$2:$D$93,"Failed") -> 0 | E2: =IF(B2=0,0,C2/B2) -> 1
A3: AUDIO | B3: =COUNTIF('Execution Data'!$B$2:$B$93,A3) -> 7 | C3: =COUNTIFS('Execution Data'!$B$2:$B$93,A3,'Execution Data'!$D$2:$D$93,"Pass") -> 7 | D3: =COUNTIFS('Execution Data'!$B$2:$B$93,A3,'Execution Data'!$D$2:$D$93,"Failed") -> 0 | E3: =IF(B3=0,0,C3/B3) -> 1
A4: COMPAT | B4: =COUNTIF('Execution Data'!$B$2:$B$93,A4) -> 6 | C4: =COUNTIFS('Execution Data'!$B$2:$B$93,A4,'Execution Data'!$D$2:$D$93,"Pass") -> 5 | D4: =COUNTIFS('Execution Data'!$B$2:$B$93,A4,'Execution Data'!$D$2:$D$93,"Failed") -> 1 | E4: =IF(B4=0,0,C4/B4) -> 0.83333333
A5: GAMEPLAY | B5: =COUNTIF('Execution Data'!$B$2:$B$93,A5) -> 9 | C5: =COUNTIFS('Execution Data'!$B$2:$B$93,A5,'Execution Data'!$D$2:$D$93,"Pass") -> 9 | D5: =COUNTIFS('Execution Data'!$B$2:$B$93,A5,'Execution Data'!$D$2:$D$93,"Failed") -> 0 | E5: =IF(B5=0,0,C5/B5) -> 1
A6: GRAPHICS | B6: =COUNTIF('Execution Data'!$B$2:$B$93,A6) -> 8 | C6: =COUNTIFS('Execution Data'!$B$2:$B$93,A6,'Execution Data'!$D$2:$D$93,"Pass") -> 8 | D6: =COUNTIFS('Execution Data'!$B$2:$B$93,A6,'Execution Data'!$D$2:$D$93,"Failed") -> 0 | E6: =IF(B6=0,0,C6/B6) -> 1
A7: INPUT | B7: =COUNTIF('Execution Data'!$B$2:$B$93,A7) -> 6 | C7: =COUNTIFS('Execution Data'!$B$2:$B$93,A7,'Execution Data'!$D$2:$D$93,"Pass") -> 5 | D7: =COUNTIFS('Execution Data'!$B$2:$B$93,A7,'Execution Data'!$D$2:$D$93,"Failed") -> 1 | E7: =IF(B7=0,0,C7/B7) -> 0.83333333
A8: PERF | B8: =COUNTIF('Execution Data'!$B$2:$B$93,A8) -> 6 | C8: =COUNTIFS('Execution Data'!$B$2:$B$93,A8,'Execution Data'!$D$2:$D$93,"Pass") -> 5 | D8: =COUNTIFS('Execution Data'!$B$2:$B$93,A8,'Execution Data'!$D$2:$D$93,"Failed") -> 1 | E8: =IF(B8=0,0,C8/B8) -> 0.83333333
A9: PHYS | B9: =COUNTIF('Execution Data'!$B$2:$B$93,A9) -> 6 | C9: =COUNTIFS('Execution Data'!$B$2:$B$93,A9,'Execution Data'!$D$2:$D$93,"Pass") -> 6 | D9: =COUNTIFS('Execution Data'!$B$2:$B$93,A9,'Execution Data'!$D$2:$D$93,"Failed") -> 0 | E9: =IF(B9=0,0,C9/B9) -> 1
A10: SAVE | B10: =COUNTIF('Execution Data'!$B$2:$B$93,A10) -> 8 | C10: =COUNTIFS('Execution Data'!$B$2:$B$93,A10,'Execution Data'!$D$2:$D$93,"Pass") -> 8 | D10: =COUNTIFS('Execution Data'!$B$2:$B$93,A10,'Execution Data'!$D$2:$D$93,"Failed") -> 0 | E10: =IF(B10=0,0,C10/B10) -> 1
A11: Smoke | B11: =COUNTIF('Execution Data'!$B$2:$B$93,A11) -> 12 | C11: =COUNTIFS('Execution Data'!$B$2:$B$93,A11,'Execution Data'!$D$2:$D$93,"Pass") -> 12 | D11: =COUNTIFS('Execution Data'!$B$2:$B$93,A11,'Execution Data'!$D$2:$D$93,"Failed") -> 0 | E11: =IF(B11=0,0,C11/B11) -> 1
A12: UI | B12: =COUNTIF('Execution Data'!$B$2:$B$93,A12) -> 8 | C12: =COUNTIFS('Execution Data'!$B$2:$B$93,A12,'Execution Data'!$D$2:$D$93,"Pass") -> 7 | D12: =COUNTIFS('Execution Data'!$B$2:$B$93,A12,'Execution Data'!$D$2:$D$93,"Failed") -> 1 | E12: =IF(B12=0,0,C12/B12) -> 0.875
A13: WEAPON | B13: =COUNTIF('Execution Data'!$B$2:$B$93,A13) -> 8 | C13: =COUNTIFS('Execution Data'!$B$2:$B$93,A13,'Execution Data'!$D$2:$D$93,"Pass") -> 8 | D13: =COUNTIFS('Execution Data'!$B$2:$B$93,A13,'Execution Data'!$D$2:$D$93,"Failed") -> 0 | E13: =IF(B13=0,0,C13/B13) -> 1

Sheet Environment & Scope
A1: Environment, Scope and Limitations
A3: Field | B3: Value | D3: Known limitations
A4: CPU | B4: i5-14400F | D4: 1 | E4: Regression is pending because no fixed build was supplied.
A5: GPU | B5: RTX 3060 12 GB | D5: 2 | E5: Controller support is documented as unsupported; it is not treated as a defect without an explicit support requirement.
A6: RAM | B6: 16 GB DDR4 | D6: 3 | E6: TC-UI-050 and TC-INPUT-075 represent the same underlying settings-reset defect; Final Report counts one unique bug.
A7: Storage | B7: 2 TB SSD
A8: Monitor | B8: 24 in, 1920x1080
A9: Refresh rate | B9: 60 Hz
A10: Audio device | B10: High-Definition Audio Device
A11: Input devices | B11: Keyboard, Mouse
A12: OS | B12: Windows 11
A13: GPU driver | B13: NVIDIA Game Ready Driver - 616.92
A14: Game distribution | B14: GOG
A15: Game version | B15: 1.08
A16: Resolution | B16: 1920x1080
A17: Mods / patches | B17: None
A18: FPS limiter | B18: 60 FPS
